x,f,y
0,X2,-1.5796956967411981
0.005,X2,-1.6047696729606422
0.01,X2,-1.467679191616952
0.015,X2,-1.4704536241487072
0.02,X2,-1.2855287433796445
0.025,X2,-0.786296991732203
0.03,X2,-0.6725826422704241
0.035,X2,-0.6490428888977923
0.04,X2,-0.4282660326334697
0.045,X2,-0.2794653431361319
0.05,X2,-0.0873167536789692
0.055,X2,-0.02396086492854064
0.06,X2,0.1652875369755721
0.065,X2,0.18035589184894735
0.07,X2,0.5403551705962377
0.075,X2,0.3997575284508084
0.08,X2,0.5404044472450152
0.085,X2,0.5501643127195359
0.09,X2,0.8767182496382777
0.095,X2,0.9270972738223876
0.1,X2,1.039764912620385
0.105,X2,1.0503425917193072
0.11,X2,1.4316318194310393
0.115,X2,1.2657766236934431
0.12,X2,1.3128827041263273
0.125,X2,1.374040088870439
0.13,X2,1.3899956844460037
0.135,X2,1.5757340838312721
0.14,X2,1.559080556212777
0.145,X2,1.7640922523570621
0.15,X2,1.6415444362809748
0.155,X2,1.7994594487419262
0.16,X2,1.4886260689881248
0.165,X2,1.855130351147272
0.17,X2,1.8119341555022492
0.17500000000000002,X2,1.8837192566894305
0.18,X2,1.957626363804043
0.185,X2,1.6797085871136561
0.19,X2,1.5750312955354444
0.195,X2,1.714414507070558
0.2,X2,1.6565894041479465
0.20500000000000002,X2,1.3611007224450244
0.21,X2,1.6610439593456519
0.215,X2,1.9002971224250205
0.22,X2,1.7829918393114066
0.225,X2,1.6203342478687768
0.23,X2,1.2617524309183228
0.23500000000000001,X2,1.7462822185977547
0.24,X2,1.466712072870377
0.245,X2,1.7138920675559375
0.25,X2,1.4816389335338311
0.255,X2,1.1654568375321206
0.26,X2,1.2322438980147552
0.265,X2,1.5541285097903865
0.27,X2,1.4714235595868645
0.275,X2,1.173786050188221
0.28,X2,0.8007594023127634
0.28500000000000003,X2,1.1562515518746386
0.29,X2,1.190756990516404
0.295,X2,0.770491599360233
0.3,X2,0.9121214949827915
0.305,X2,0.8157738763027825
0.31,X2,0.7085306090107613
0.315,X2,0.6571154545390141
0.32,X2,0.5766892666992539
0.325,X2,0.7140758766089541
0.33,X2,0.5576617661634594
0.335,X2,0.38812139415656444
0.34,X2,0.3508194921787651
0.34500000000000003,X2,0.20826864517036528
0.35000000000000003,X2,0.3535755765617135
0.355,X2,-0.04234224113764155
0.36,X2,0.06923969864616993
0.365,X2,0.033558588424191196
0.37,X2,-0.24538745621994312
0.375,X2,-0.14617249459024895
0.38,X2,-0.33366270132733017
0.385,X2,-0.6733472259998251
0.39,X2,-0.2572813058731642
0.395,X2,-0.5675211522027688
0.4,X2,-0.269625934175196
0.405,X2,-0.7087454646116419
0.41000000000000003,X2,-0.8834773076520116
0.41500000000000004,X2,-0.6441724783829209
0.42,X2,-0.8517609940501212
0.425,X2,-0.6594672126755683
0.43,X2,-0.9011590429421162
0.435,X2,-0.8314632199631272
0.44,X2,-0.814680901871751
0.445,X2,-0.9833231150988222
0.45,X2,-1.121528297374977
0.455,X2,-1.321797641774607
0.46,X2,-1.0624685705471746
0.465,X2,-1.4356556539422887
0.47000000000000003,X2,-1.1260517158057304
0.47500000000000003,X2,-1.1548781011422726
0.48,X2,-1.2530469126237012
0.485,X2,-1.1970047272985562
0.49,X2,-1.4240042794827008
0.495,X2,-1.3555505646444044
0.5,X2,-1.503644695465467
0.505,X2,-1.4357270177128783
0.51,X2,-1.4515840717088295
0.515,X2,-1.56016631725816
0.52,X2,-1.4686639165928133
0.525,X2,-1.6133317600392778
0.53,X2,-1.497009243952035
0.535,X2,-1.6036846821695587
0.54,X2,-1.2561977495769272
0.545,X2,-1.5591907267092187
0.55,X2,-1.325729566023278
0.555,X2,-1.4660233977349955
0.56,X2,-1.304903312397528
0.5650000000000001,X2,-1.527216863499602
0.5700000000000001,X2,-1.4465821547187598
0.5750000000000001,X2,-1.3899091842014175
0.58,X2,-1.1573956759249728
0.585,X2,-1.3685475836483365
0.59,X2,-1.4178800583025686
0.595,X2,-1.5668161586097022
0.6,X2,-1.1958467101397183
0.605,X2,-1.1619154104877887
0.61,X2,-1.1870504844487544
0.615,X2,-1.162571244605506
0.62,X2,-0.9025817654085658
0.625,X2,-1.1533330968703621
0.63,X2,-0.772323481636252
0.635,X2,-1.0767956536731758
0.64,X2,-1.0214800951732181
0.645,X2,-0.9646506045195493
0.65,X2,-0.7777200866955996
0.655,X2,-0.7576765012849137
0.66,X2,-0.6386912861526948
0.665,X2,-0.7176005457356016
0.67,X2,-0.7619837916086497
0.675,X2,-0.7318952709012396
0.68,X2,-0.4392474328612271
0.685,X2,-0.6181297164387827
0.6900000000000001,X2,-0.18491357274255318
0.6950000000000001,X2,-0.40522777482299255
0.7000000000000001,X2,-0.25648433931950765
0.705,X2,-0.23801936009551694
0.71,X2,-0.44436193427256965
0.715,X2,-0.2345002116937808
0.72,X2,-0.18969528980761896
0.725,X2,-0.03261790254079246
0.73,X2,-0.1504844544955228
0.735,X2,-0.081763260410059
0.74,X2,0.1427008772443912
0.745,X2,-0.13569357117880246
0.75,X2,-0.10298489823039386
0.755,X2,0.06811251589705224
0.76,X2,0.20376407259256554
0.765,X2,0.1648636122481892
0.77,X2,0.12973952753495438
0.775,X2,0.20584133038144112
0.78,X2,0.484777682902753
0.785,X2,0.29748943066355005
0.79,X2,0.24952530885166774
0.795,X2,0.33885368585861136
0.8,X2,0.3159286547232253
0.805,X2,0.17730492132155434
0.81,X2,0.5501769113307122
0.8150000000000001,X2,0.36229961659036397
0.8200000000000001,X2,0.3173569093106037
0.8250000000000001,X2,0.7826237287489505
0.8300000000000001,X2,0.5070808016935104
0.835,X2,0.3256740242879054
0.84,X2,0.6964992372833858
0.845,X2,0.708712102020516
0.85,X2,0.7349542591320877
0.855,X2,0.371139379263957
0.86,X2,0.3382883058070071
0.865,X2,0.42814472791557334
0.87,X2,0.693020559442358
0.875,X2,0.65896135303188
0.88,X2,0.28581055268564665
0.885,X2,0.29974606231084977
0.89,X2,0.3874024538900876
0.895,X2,0.41721935305528796
0.9,X2,0.33878990831545835
0.905,X2,0.14361968331401403
0.91,X2,0.22532344988270822
0.915,X2,0.2073955601283313
0.92,X2,0.347416617838969
0.925,X2,0.2849670683721478
0.93,X2,0.45122687823228724
0.935,X2,0.0021344504188869455
0.9400000000000001,X2,0.24096817819728894
0.9450000000000001,X2,0.18134946529208099
0.9500000000000001,X2,0.021479312153678497
0.9550000000000001,X2,-0.09743775931232927
0.96,X2,-0.22391491287486048
0.965,X2,-0.18600964493278638
0.97,X2,-0.2655599150497088
0.975,X2,-0.4080630726781744
0.98,X2,-0.481721792894157
0.985,X2,-0.540408676621547
0.99,X2,-0.6717956590165791
0.995,X2,-0.44503356374371944
1,X2,-0.6138198461290445
0,X3,-0.5862982334330269
0.005,X3,-0.4928239634268068
0.01,X3,1.8823879098784613e-4
0.015,X3,-0.1770715968593515
0.02,X3,-0.30991125435155287
0.025,X3,0.24109701029632044
0.03,X3,0.16479805754898152
0.035,X3,0.2131597628901983
0.04,X3,0.6403769519073489
0.045,X3,0.2870720962952318
0.05,X3,0.9963983193141478
0.055,X3,0.8203801202516992
0.06,X3,0.3682137194999674
0.065,X3,0.546958277917143
0.07,X3,0.9268301760674865
0.075,X3,1.129944739024403
0.08,X3,1.7351780173260132
0.085,X3,1.1654278110388956
0.09,X3,1.3411360259578966
0.095,X3,1.6772658383640147
0.1,X3,1.31586238827313
0.105,X3,1.4121338942136128
0.11,X3,1.4294106671072229
0.115,X3,1.7082369863004612
0.12,X3,1.4592507612248566
0.125,X3,1.6223143371698538
0.13,X3,1.521504878969084
0.135,X3,1.710265634131952
0.14,X3,1.493858364584737
0.145,X3,1.7106507696159234
0.15,X3,1.34378559450788
0.155,X3,1.5728649648442747
0.16,X3,1.471600092719151
0.165,X3,1.0361831087809683
0.17,X3,1.0617694491299114
0.17500000000000002,X3,1.244711423209666
0.18,X3,0.901062903503605
0.185,X3,1.243403717646119
0.19,X3,0.8480105563886298
0.195,X3,0.7670314315369927
0.2,X3,0.7067873949196269
0.20500000000000002,X3,0.4687343898007906
0.21,X3,0.6371437565433615
0.215,X3,0.41986145172331635
0.22,X3,-0.01188547028984789
0.225,X3,-0.012831017545246381
0.23,X3,-0.17088217999169913
0.23500000000000001,X3,-0.03641557313366137
0.24,X3,-0.4684113059431869
0.245,X3,-0.3315189567702058
0.25,X3,-0.2729582209621338
0.255,X3,-0.237028279304331
0.26,X3,-0.49603365223875656
0.265,X3,-0.2646011911164988
0.27,X3,-0.8844372431792968
0.275,X3,-0.7713883717959765
0.28,X3,-0.5662288143829058
0.28500000000000003,X3,-0.7112387474398709
0.29,X3,-0.9996165812094789
0.295,X3,-0.6629958286069182
0.3,X3,-0.9491068732818009
0.305,X3,-1.3096208983389643
0.31,X3,-1.109518103028163
0.315,X3,-1.1772307003848779
0.32,X3,-1.307621367210055
0.325,X3,-1.288639498680278
0.33,X3,-1.2304222006167704
0.335,X3,-0.946279450028002
0.34,X3,-1.3503396228753681
0.34500000000000003,X3,-1.3168931727768733
0.35000000000000003,X3,-0.7001676230557926
0.355,X3,-1.32422965965405
0.36,X3,-1.141382651288539
0.365,X3,-1.5492141363640457
0.37,X3,-1.4221146276775722
0.375,X3,-1.0941582127822844
0.38,X3,-1.4751705199923142
0.385,X3,-1.3820044291573146
0.39,X3,-1.4835234777003623
0.395,X3,-1.4583103338926686
0.4,X3,-1.5185320098013433
0.405,X3,-1.3144574872643666
0.41000000000000003,X3,-1.3166580859277182
0.41500000000000004,X3,-1.1783120434868772
0.42,X3,-1.3203816170291958
0.425,X3,-1.2293180365837881
0.43,X3,-1.4516220504905657
0.435,X3,-1.3634648457653746
0.44,X3,-1.3552558731058124
0.445,X3,-1.1043284844802657
0.45,X3,-0.8603305470328991
0.455,X3,-0.9365363461214772
0.46,X3,-1.2635378306226137
0.465,X3,-1.1332953854511165
0.47000000000000003,X3,-1.1102525761708708
0.47500000000000003,X3,-0.8160866239117208
0.48,X3,-0.9969455235563519
0.485,X3,-1.173222045813432
0.49,X3,-0.6946986901380922
0.495,X3,-1.0784052220005507
0.5,X3,-1.0093313724075603
0.505,X3,-0.7881343520907601
0.51,X3,-1.0487584786830761
0.515,X3,-1.156340411252462
0.52,X3,-0.9212740604184096
0.525,X3,-0.837958735995361
0.53,X3,-1.0823549505534706
0.535,X3,-0.9039016642432137
0.54,X3,-0.7207856360396362
0.545,X3,-0.8988799008975346
0.55,X3,-1.0864694072003018
0.555,X3,-0.6060996048963727
0.56,X3,-0.9494585482188808
0.5650000000000001,X3,-1.2231034921399346
0.5700000000000001,X3,-0.40379315603723676
0.5750000000000001,X3,-0.43791616262791766
0.58,X3,-0.6219756128784987
0.585,X3,-1.1478494181502468
0.59,X3,-0.87686519482779
0.595,X3,-0.5696327980766316
0.6,X3,-0.29880582849227505
0.605,X3,-0.41687132854355047
0.61,X3,-0.7397869896308817
0.615,X3,-1.1931998132376724
0.62,X3,-0.5835715775392137
0.625,X3,-0.42959883147343797
0.63,X3,-0.5393941540331597
0.635,X3,-1.0525277080412851
0.64,X3,-0.503584379138927
0.645,X3,-0.8273860365546932
0.65,X3,-0.7372277236069581
0.655,X3,-0.7627299331134195
0.66,X3,-0.6483030248980518
0.665,X3,-0.6007786520937425
0.67,X3,-0.2661038292246438
0.675,X3,-0.4018775094273
0.68,X3,-0.5560544131428655
0.685,X3,-0.4423644700039239
0.6900000000000001,X3,-0.29344951662740293
0.6950000000000001,X3,-0.7937384458861528
0.7000000000000001,X3,-0.30275831086418675
0.705,X3,-0.030641737827062115
0.71,X3,-0.3062244567708365
0.715,X3,-0.3156994942571811
0.72,X3,0.06345355378963705
0.725,X3,0.11102425029691665
0.73,X3,0.21785026977743577
0.735,X3,0.27705970780839684
0.74,X3,0.3100577676053332
0.745,X3,0.16200769581425836
0.75,X3,0.4380524813300019
0.755,X3,0.21348749821603422
0.76,X3,0.6605274090062732
0.765,X3,0.7121442091753484
0.77,X3,0.6217340547861112
0.775,X3,0.9495867558958686
0.78,X3,0.8807847567901883
0.785,X3,0.9901002590511581
0.79,X3,1.0237552812383028
0.795,X3,0.7385633239854039
0.8,X3,1.0036584347974618
0.805,X3,0.6761701588893805
0.81,X3,1.5623584568164572
0.8150000000000001,X3,1.0411685800867008
0.8200000000000001,X3,1.169654290437481
0.8250000000000001,X3,1.3461117961865958
0.8300000000000001,X3,1.2196726008895469
0.835,X3,1.4642933298971579
0.84,X3,1.3500482800455147
0.845,X3,1.4473733694178625
0.85,X3,1.3548162827022985
0.855,X3,1.886150617282277
0.86,X3,1.6193552416019412
0.865,X3,1.6755492197935737
0.87,X3,1.6586706631032877
0.875,X3,1.0484080677557819
0.88,X3,1.2609573231505173
0.885,X3,1.1306883674038573
0.89,X3,1.8200560040467368
0.895,X3,1.0308207138004246
0.9,X3,1.5124761167895902
0.905,X3,1.3205144537682
0.91,X3,1.5649722548130622
0.915,X3,0.7349253254443294
0.92,X3,1.157669303042981
0.925,X3,0.9583140640049808
0.93,X3,0.8737090463502402
0.935,X3,1.1972872398575425
0.9400000000000001,X3,0.8820629976457957
0.9450000000000001,X3,0.4596375503006806
0.9500000000000001,X3,0.37549132163381344
0.9550000000000001,X3,0.18159966845393677
0.96,X3,0.5171006321352822
0.965,X3,0.143608264120249
0.97,X3,0.04592916588630122
0.975,X3,0.019335496903321245
0.98,X3,-0.06383129415577045
0.985,X3,-0.11381688146374905
0.99,X3,-0.3093200903208339
0.995,X3,-0.5627070403759858
1,X3,-0.36226625925594985
0,X4,-0.46647385020839405
0.005,X4,-0.29236591678257784
0.01,X4,-0.48549079350885016
0.015,X4,-0.03986725538255932
0.02,X4,-0.7231496775482598
0.025,X4,-0.7435850882638693
0.03,X4,-1.0567966399680253
0.035,X4,-0.47235637575448985
0.04,X4,-0.5041000115199913
0.045,X4,-0.8648518129709921
0.05,X4,-0.25718499194272576
0.055,X4,-0.53869097626688
0.06,X4,-0.7198951315554684
0.065,X4,-0.35264542880497474
0.07,X4,-0.3834377410908432
0.075,X4,-0.6025159858211947
0.08,X4,-0.13962567856555802
0.085,X4,-0.6639730235896565
0.09,X4,-0.6559187139186221
0.095,X4,-0.593306812379588
0.1,X4,-1.1357898736973975
0.105,X4,-1.0825128469413072
0.11,X4,-0.4642068566362196
0.115,X4,-0.5029767369520424
0.12,X4,-0.817025428056358
0.125,X4,-0.5330242133223119
0.13,X4,-0.42467663989671356
0.135,X4,0.2439817039844565
0.14,X4,-0.45072788863102775
0.145,X4,-0.3938314225890087
0.15,X4,-0.026944145505411903
0.155,X4,-0.4183690091006633
0.16,X4,-0.2593316577609486
0.165,X4,0.06889042783550507
0.17,X4,-0.3528131186641324
0.17500000000000002,X4,0.11056395243635897
0.18,X4,0.5095084980618642
0.185,X4,0.25978884872205166
0.19,X4,0.28414572012880934
0.195,X4,0.4738025096499647
0.2,X4,0.13850204059738935
0.20500000000000002,X4,0.5519375758579876
0.21,X4,0.10264234269626055
0.215,X4,0.5976752890758615
0.22,X4,0.39556332592471494
0.225,X4,0.6753651420990641
0.23,X4,1.1769770847727181
0.23500000000000001,X4,0.9229461931525437
0.24,X4,1.1216799821955312
0.245,X4,1.0197849123160174
0.25,X4,0.9970378121749566
0.255,X4,1.0662607273455569
0.26,X4,1.0430429238057224
0.265,X4,1.3240413733845349
0.27,X4,1.3972618487455564
0.275,X4,1.3529960857799272
0.28,X4,1.1677990983913369
0.28500000000000003,X4,1.1604591625928526
0.29,X4,1.3421620559952525
0.295,X4,1.40052612315922
0.3,X4,1.5157741353435703
0.305,X4,0.8345620833790593
0.31,X4,1.4835974907755274
0.315,X4,1.5157673731700387
0.32,X4,1.734301974294454
0.325,X4,1.5058800063264723
0.33,X4,1.0148552142039504
0.335,X4,0.9138647825842958
0.34,X4,1.1445826177415261
0.34500000000000003,X4,0.9449851815221874
0.35000000000000003,X4,1.6820201199081657
0.355,X4,1.446046023258067
0.36,X4,0.8509215313919406
0.365,X4,1.5362668161152013
0.37,X4,1.2041550506095233
0.375,X4,0.8862703808843131
0.38,X4,1.1413736007305817
0.385,X4,0.461419439914377
0.39,X4,1.0999392228089184
0.395,X4,0.4024660731424291
0.4,X4,1.0654884298602343
0.405,X4,0.7880933528628083
0.41000000000000003,X4,0.8432552862477082
0.41500000000000004,X4,0.41419519862882415
0.42,X4,0.3740941053939533
0.425,X4,0.8769925392571767
0.43,X4,0.4393149924716988
0.435,X4,0.5796853125566925
0.44,X4,0.14709822163240854
0.445,X4,0.2952677878079487
0.45,X4,0.13698555206977217
0.455,X4,0.3452423913937365
0.46,X4,0.26882807319541285
0.465,X4,0.20631501642820096
0.47000000000000003,X4,0.16091362589274222
0.47500000000000003,X4,-0.06697866838879243
0.48,X4,0.030189794623185866
0.485,X4,-0.20434143033358826
0.49,X4,-0.17909634305970587
0.495,X4,-0.1568539771915064
0.5,X4,-0.24595579199466386
0.505,X4,-0.5199575081237356
0.51,X4,-0.32056978066323966
0.515,X4,-0.6651856367270638
0.52,X4,-0.5827661150680994
0.525,X4,-0.5999967901725132
0.53,X4,-0.1606796845531128
0.535,X4,-0.20906580803168073
0.54,X4,-1.0885636419098788
0.545,X4,-0.8172104719035025
0.55,X4,-0.6741074775404872
0.555,X4,-0.7120493171076346
0.56,X4,-0.9278173737734655
0.5650000000000001,X4,-0.4578079386543881
0.5700000000000001,X4,-1.1624416738759762
0.5750000000000001,X4,-0.8337178455319216
0.58,X4,-1.1038094813381392
0.585,X4,-1.213028603597645
0.59,X4,-0.9089898455137647
0.595,X4,-0.7216044048407524
0.6,X4,-1.0122880702285053
0.605,X4,-0.7061437999653631
0.61,X4,-0.7936245066683402
0.615,X4,-0.9284381228873321
0.62,X4,-0.4221081118964571
0.625,X4,-1.1316197886961492
0.63,X4,-0.5807228362776814
0.635,X4,-0.8090929993288144
0.64,X4,-0.43465567195275157
0.645,X4,-0.9997667717915082
0.65,X4,-0.9643808090326117
0.655,X4,-0.6733348746332887
0.66,X4,-0.7477888420285805
0.665,X4,-0.07582655737376745
0.67,X4,-0.7982320680807018
0.675,X4,-0.655015904891033
0.68,X4,-0.9483886482651399
0.685,X4,-0.344749237613745
0.6900000000000001,X4,-0.5208388360151227
0.6950000000000001,X4,-0.09055052577592951
0.7000000000000001,X4,-0.696860523904434
0.705,X4,-0.36862783675617616
0.71,X4,-0.009079838959746105
0.715,X4,-0.01991034389911239
0.72,X4,-0.10062882994414545
0.725,X4,0.17441266214406867
0.73,X4,0.24999317207479127
0.735,X4,0.057568872937340844
0.74,X4,0.18611770158376925
0.745,X4,0.423340658852159
0.75,X4,0.3055013568264929
0.755,X4,0.8543034659748069
0.76,X4,0.7365184717693616
0.765,X4,0.5153654666062184
0.77,X4,0.2654553682425922
0.775,X4,0.8018293765106316
0.78,X4,0.7899447520960224
0.785,X4,0.7239426184595064
0.79,X4,0.9854393444910688
0.795,X4,0.7986580548308562
0.8,X4,0.9505671086017485
0.805,X4,0.8321676870478134
0.81,X4,0.9267615896469766
0.8150000000000001,X4,1.445425763639991
0.8200000000000001,X4,1.3934499915825043
0.8250000000000001,X4,1.052957142739804
0.8300000000000001,X4,1.306327023934003
0.835,X4,0.8713883418090144
0.84,X4,1.3897195808229512
0.845,X4,0.5108385401350041
0.85,X4,0.6688472983164693
0.855,X4,1.1620759062925232
0.86,X4,0.9885262119147931
0.865,X4,1.0427779242897657
0.87,X4,1.0570411887631974
0.875,X4,0.2979226907145405
0.88,X4,0.9352662904314321
0.885,X4,0.60282866535997
0.89,X4,0.6744654647088598
0.895,X4,0.4568685189164166
0.9,X4,0.31956886677084867
0.905,X4,0.017221580370243596
0.91,X4,0.35664076299940656
0.915,X4,0.18179755600524325
0.92,X4,-0.47996223531789173
0.925,X4,-0.5201060357012472
0.93,X4,-0.5594482416481839
0.935,X4,-0.45733526687570947
0.9400000000000001,X4,-0.7996464927608714
0.9450000000000001,X4,-0.5355587569955909
0.9500000000000001,X4,-1.4998206280306614
0.9550000000000001,X4,-1.4292450071072134
0.96,X4,-1.288565415840594
0.965,X4,-2.325223686873501
0.97,X4,-2.0117998127654513
0.975,X4,-2.6224469101652037
0.98,X4,-3.1384143907691984
0.985,X4,-3.0789206796324176
0.99,X4,-3.235505322925693
0.995,X4,-3.6511318737113867
1,X4,-4.089332131042751
0,X5,-2.570789105932259
0.005,X5,-2.237881599290314
0.01,X5,-2.1429223289721797
0.015,X5,-2.295731613689997
0.02,X5,-2.1895754931192553
0.025,X5,-2.1520565889703436
0.03,X5,-2.1449075162175504
0.035,X5,-1.8362159282671804
0.04,X5,-1.9495146676180715
0.045,X5,-1.659748429428846
0.05,X5,-1.6927279470481067
0.055,X5,-1.6953578606058484
0.06,X5,-1.4954199844240366
0.065,X5,-1.7774034106111058
0.07,X5,-1.3487282858383451
0.075,X5,-1.0273371165138587
0.08,X5,-1.350900891153725
0.085,X5,-1.4805312946855385
0.09,X5,-1.3403867358664476
0.095,X5,-1.4815235684616204
0.1,X5,-1.442700677231837
0.105,X5,-1.334278622400497
0.11,X5,-1.1616195962514904
0.115,X5,-1.0645063139035307
0.12,X5,-0.7211971569246557
0.125,X5,-0.9419891153781433
0.13,X5,-0.8721138585655364
0.135,X5,-0.728577257380687
0.14,X5,-0.9379000194218631
0.145,X5,-0.8736179997106719
0.15,X5,-0.541679052947007
0.155,X5,-0.4224823075193943
0.16,X5,-0.9811828727593078
0.165,X5,-0.7987693290260597
0.17,X5,-0.49761611007379103
0.17500000000000002,X5,-0.5632887316109272
0.18,X5,-0.31460129659201064
0.185,X5,-0.5825276379661466
0.19,X5,-0.4445536129852771
0.195,X5,-0.49815591839218676
0.2,X5,-0.3362337536222843
0.20500000000000002,X5,-0.42228772683479765
0.21,X5,-0.3231821276809319
0.215,X5,-0.3016994631368735
0.22,X5,-0.25507749397419194
0.225,X5,-0.5517979234116853
0.23,X5,-0.12150607101032758
0.23500000000000001,X5,0.021026559428476217
0.24,X5,0.027905342326051828
0.245,X5,-0.2597760697589321
0.25,X5,-0.0927840041018891
0.255,X5,0.049504580349949215
0.26,X5,-0.2789967634365805
0.265,X5,-0.1498196985728182
0.27,X5,0.24891770969036492
0.275,X5,-0.07539934509807016
0.28,X5,0.24593140505682187
0.28500000000000003,X5,-0.03643941635777891
0.29,X5,0.14349140804187344
0.295,X5,-0.020182835606719497
0.3,X5,-0.07681302455354802
0.305,X5,0.20918116557897629
0.31,X5,0.40404525285899856
0.315,X5,0.38367026857867215
0.32,X5,0.46319041313350134
0.325,X5,0.37270482074715067
0.33,X5,0.3083128034011253
0.335,X5,0.36467430069725915
0.34,X5,0.6185261579218259
0.34500000000000003,X5,0.7687459486056506
0.35000000000000003,X5,0.33141855618454563
0.355,X5,0.5962085474267167
0.36,X5,0.5878189069657186
0.365,X5,0.9174971973392049
0.37,X5,0.6693960186295644
0.375,X5,0.6353348384050218
0.38,X5,0.5461177578537243
0.385,X5,0.6362661862745984
0.39,X5,0.828878300694456
0.395,X5,0.8456526460918691
0.4,X5,0.7150195414982203
0.405,X5,0.8326395202054302
0.41000000000000003,X5,0.9340638790062703
0.41500000000000004,X5,0.8174088587551167
0.42,X5,1.1771611780398519
0.425,X5,1.1190801627151252
0.43,X5,1.025398768042327
0.435,X5,1.0839407665724512
0.44,X5,1.1385753759976112
0.445,X5,0.9795153720098579
0.45,X5,1.4345877212566547
0.455,X5,0.8393781623118869
0.46,X5,1.3412766342682105
0.465,X5,1.3100732957107535
0.47000000000000003,X5,1.5125408439666128
0.47500000000000003,X5,1.6873143699352884
0.48,X5,1.687879016630905
0.485,X5,1.2533784015219918
0.49,X5,1.1386728626959972
0.495,X5,1.2267457159460313
0.5,X5,1.2050413837903065
0.505,X5,1.245010462940505
0.51,X5,1.3950004482925038
0.515,X5,1.2486020295720568
0.52,X5,1.217661271443639
0.525,X5,1.136071186306719
0.53,X5,1.4682258152220644
0.535,X5,1.283303474122537
0.54,X5,1.592236499324047
0.545,X5,1.5319261724781859
0.55,X5,1.5573811081949482
0.555,X5,1.1097080459901691
0.56,X5,1.5467109639260515
0.5650000000000001,X5,1.2340219385375424
0.5700000000000001,X5,1.4030139784102549
0.5750000000000001,X5,1.6109299216034279
0.58,X5,1.488444507070864
0.585,X5,1.4440318570495898
0.59,X5,1.4355331182931763
0.595,X5,1.1392864352284733
0.6,X5,1.3357252753860533
0.605,X5,1.1316629104958542
0.61,X5,1.0023288135518391
0.615,X5,1.145582459841868
0.62,X5,1.1341921086241387
0.625,X5,1.3440161105362531
0.63,X5,0.9920102294115157
0.635,X5,0.8470759864185805
0.64,X5,1.3347626599769735
0.645,X5,1.2232771389047472
0.65,X5,0.7086832645289504
0.655,X5,0.9576928121730797
0.66,X5,0.8846320109192839
0.665,X5,0.6580675879901193
0.67,X5,0.819279884297001
0.675,X5,0.47819854476592505
0.68,X5,0.9085568630345962
0.685,X5,0.9844692243035491
0.6900000000000001,X5,0.6207738321233818
0.6950000000000001,X5,0.6601259333893215
0.7000000000000001,X5,0.34974541123117414
0.705,X5,0.5348797224453492
0.71,X5,0.6787933763737776
0.715,X5,0.5307359347349124
0.72,X5,0.48461858660268514
0.725,X5,0.09787779713251013
0.73,X5,0.14171177272599536
0.735,X5,0.5324271639412949
0.74,X5,0.4079141275049321
0.745,X5,0.1059672909222642
0.75,X5,0.025277255176316092
0.755,X5,-0.029271266005399803
0.76,X5,0.09501819664384112
0.765,X5,-0.3288425721847253
0.77,X5,-0.12800050854409759
0.775,X5,-0.024433935798237386
0.78,X5,-0.10961183766157791
0.785,X5,-0.10629783908147748
0.79,X5,-0.03182171298684781
0.795,X5,-0.0972302240013026
0.8,X5,-0.23412913113621314
0.805,X5,-0.5084653538920265
0.81,X5,-0.44534527347217834
0.8150000000000001,X5,-0.22916630444399444
0.8200000000000001,X5,-0.5267483037713785
0.8250000000000001,X5,-0.6607470848480927
0.8300000000000001,X5,-0.7312761664024854
0.835,X5,-0.9042481117277504
0.84,X5,-0.5288867118928985
0.845,X5,-0.41806686572699986
0.85,X5,-0.7372509884782961
0.855,X5,-0.6343127799977907
0.86,X5,-0.6498784594309108
0.865,X5,-0.9159481608419587
0.87,X5,-0.617940078890785
0.875,X5,-0.5553924697111319
0.88,X5,-0.494560196141736
0.885,X5,-1.0622425235209767
0.89,X5,-0.7067913875566141
0.895,X5,-0.9474344838837863
0.9,X5,-1.0261867110869678
0.905,X5,-0.8352619436784237
0.91,X5,-0.7524346214978047
0.915,X5,-0.9251093348493584
0.92,X5,-0.5495719058716583
0.925,X5,-0.9211678663626515
0.93,X5,-0.7556889793052634
0.935,X5,-0.8412399587512662
0.9400000000000001,X5,-0.8426327983067032
0.9450000000000001,X5,-0.6790728773696898
0.9500000000000001,X5,-1.046740438736943
0.9550000000000001,X5,-0.9012589397991678
0.96,X5,-0.7822763662927315
0.965,X5,-1.1348817159829674
0.97,X5,-0.657781854221725
0.975,X5,-0.9360688056027548
0.98,X5,-0.5239551029763729
0.985,X5,-0.7888741530662656
0.99,X5,-0.6531121342114515
0.995,X5,-0.799480431755035
1,X5,-0.3151372006039023
0,X6,-1.8493538318622638
0.005,X6,-1.8731033864343556
0.01,X6,-1.6284187188385442
0.015,X6,-1.7361676993824122
0.02,X6,-1.4225634019188176
0.025,X6,-1.4596643223051304
0.03,X6,-1.6198532751984651
0.035,X6,-1.3137465846507212
0.04,X6,-1.6978414229777754
0.045,X6,-1.596806732195361
0.05,X6,-1.8003997410397403
0.055,X6,-1.8759576936584403
0.06,X6,-1.9526167293524876
0.065,X6,-1.3218631210777578
0.07,X6,-1.5927858004807056
0.075,X6,-1.5217516472003387
0.08,X6,-1.955817573098528
0.085,X6,-1.3838249603273196
0.09,X6,-1.5895166322781835
0.095,X6,-2.061507686560657
0.1,X6,-1.582657346754646
0.105,X6,-1.6604420099786927
0.11,X6,-1.979896466511577
0.115,X6,-1.5441471029583005
0.12,X6,-1.454252647536579
0.125,X6,-1.5097469954552538
0.13,X6,-1.676785654853405
0.135,X6,-1.3574221158317803
0.14,X6,-1.3870418290618463
0.145,X6,-1.5212359122067436
0.15,X6,-1.800743690191593
0.155,X6,-1.6967872694427868
0.16,X6,-1.6080981537446322
0.165,X6,-1.7162999378376995
0.17,X6,-1.4211035823594549
0.17500000000000002,X6,-1.4378168786504388
0.18,X6,-1.7960273089366963
0.185,X6,-1.0522928265940164
0.19,X6,-1.244079683167084
0.195,X6,-1.349160627977176
0.2,X6,-1.424618620968745
0.20500000000000002,X6,-1.0146452971279791
0.21,X6,-1.467247262868907
0.215,X6,-1.4476067566028514
0.22,X6,-1.1151995253260738
0.225,X6,-0.9370158365645838
0.23,X6,-0.9663322062170997
0.23500000000000001,X6,-0.7780809327766924
0.24,X6,-0.9639483727057919
0.245,X6,-0.8575987649208823
0.25,X6,-0.9978249841937615
0.255,X6,-0.8989958926601529
0.26,X6,-1.0629091789864582
0.265,X6,-0.5745425058072952
0.27,X6,-0.8203828007266502
0.275,X6,-0.7664643578406891
0.28,X6,-0.4409265879927751
0.28500000000000003,X6,-0.8494852704197094
0.29,X6,-0.2421201197770935
0.295,X6,-0.6614541716445868
0.3,X6,-0.6262942746172298
0.305,X6,-0.6120941133827187
0.31,X6,-0.3818637532069739
0.315,X6,-0.20310240931683496
0.32,X6,-0.430305374891676
0.325,X6,-0.5119277532352291
0.33,X6,-0.22973042096181706
0.335,X6,-0.4517113255885045
0.34,X6,-0.23179212224215723
0.34500000000000003,X6,0.008610478176751406
0.35000000000000003,X6,-0.10592755137953362
0.355,X6,-0.3649783998755974
0.36,X6,-0.29222395679738106
0.365,X6,-0.3050133798960449
0.37,X6,-0.050573626749180756
0.375,X6,0.16235471705672613
0.38,X6,-0.016744326801481985
0.385,X6,-0.24152366468238945
0.39,X6,0.07044762624363937
0.395,X6,-0.02450607129118385
0.4,X6,0.38813578518247
0.405,X6,0.0671969430933422
0.41000000000000003,X6,0.043896299941247774
0.41500000000000004,X6,0.6089199020281552
0.42,X6,0.23894204982754183
0.425,X6,0.4564177328957761
0.43,X6,0.3337123007629973
0.435,X6,0.2700558687719437
0.44,X6,0.3503886208325659
0.445,X6,0.32575236000343205
0.45,X6,0.6583553547171994
0.455,X6,0.24042190430942403
0.46,X6,0.34873384936607327
0.465,X6,0.5854032908729773
0.47000000000000003,X6,0.5737235911371671
0.47500000000000003,X6,0.2688595328927643
0.48,X6,0.46498714505780875
0.485,X6,0.14560502129064865
0.49,X6,0.7462168931035082
0.495,X6,0.6939945343248883
0.5,X6,0.5599163557318975
0.505,X6,0.7010716676107658
0.51,X6,0.3577715524418499
0.515,X6,0.9072672034938609
0.52,X6,0.7284015575711177
0.525,X6,0.7607783555327672
0.53,X6,0.4772601607437858
0.535,X6,0.9463158270400363
0.54,X6,0.6469535398319454
0.545,X6,0.8255905140012787
0.55,X6,0.9558650147981161
0.555,X6,1.091698639891696
0.56,X6,0.8989940532643338
0.5650000000000001,X6,0.3780712931941145
0.5700000000000001,X6,1.0022646950268514
0.5750000000000001,X6,0.7246110953287762
0.58,X6,0.9882206015709494
0.585,X6,0.2575121842029343
0.59,X6,0.629207080232419
0.595,X6,0.9800157772097837
0.6,X6,0.8984354985157343
0.605,X6,1.0543898831774963
0.61,X6,0.767627403004081
0.615,X6,0.7882740865488405
0.62,X6,0.9274813287656194
0.625,X6,0.7609014505764239
0.63,X6,0.7824821883896838
0.635,X6,0.6664337628780471
0.64,X6,0.8775670149717902
0.645,X6,0.6964151052456838
0.65,X6,0.8742315954660548
0.655,X6,0.8037646541286544
0.66,X6,0.6206015096559812
0.665,X6,1.0564504331582285
0.67,X6,0.9123123341537142
0.675,X6,0.8061396159798896
0.68,X6,0.6983469119595103
0.685,X6,0.9422288461353954
0.6900000000000001,X6,0.5982024236437802
0.6950000000000001,X6,0.8284260485823144
0.7000000000000001,X6,0.9189844102853225
0.705,X6,0.7831541902801373
0.71,X6,0.9036809014307347
0.715,X6,0.7880584042246574
0.72,X6,0.7853646191987383
0.725,X6,0.5070654335130091
0.73,X6,0.7225666310581829
0.735,X6,0.6635556704731751
0.74,X6,0.6313846565515147
0.745,X6,0.9118481439385435
0.75,X6,0.46992517575332016
0.755,X6,0.7953343334259005
0.76,X6,0.5622923914503715
0.765,X6,0.34780999935571877
0.77,X6,0.7120588258095676
0.775,X6,0.6178093969622512
0.78,X6,0.5116964901497105
0.785,X6,0.8020827956815485
0.79,X6,0.7749612303242422
0.795,X6,0.6851183393092601
0.8,X6,0.6068258633209744
0.805,X6,0.5356644453487946
0.81,X6,0.6134068046509343
0.8150000000000001,X6,0.6161834555517788
0.8200000000000001,X6,0.2686545735146484
0.8250000000000001,X6,0.5985699087487197
0.8300000000000001,X6,0.6048966587781986
0.835,X6,0.5162467639838213
0.84,X6,0.8899310131637397
0.845,X6,0.07867625678314713
0.85,X6,0.47329683050484267
0.855,X6,0.47411004443846744
0.86,X6,0.26244907106918564
0.865,X6,0.6199282146796729
0.87,X6,0.6925146346144797
0.875,X6,0.5296571455076672
0.88,X6,0.7805252942152
0.885,X6,0.418302826779454
0.89,X6,0.6104606942886257
0.895,X6,0.8556081140575393
0.9,X6,0.6151661689999891
0.905,X6,0.6148685445237909
0.91,X6,0.7564227485385475
0.915,X6,0.9468081265455162
0.92,X6,0.902106138792186
0.925,X6,0.622479884693883
0.93,X6,1.0108290640248117
0.935,X6,0.8132756354345322
0.9400000000000001,X6,0.6257234141735218
0.9450000000000001,X6,1.1640580655905755
0.9500000000000001,X6,1.0719534588797963
0.9550000000000001,X6,1.2125528363935811
0.96,X6,1.3541390044088204
0.965,X6,1.2927181215112848
0.97,X6,1.3338993395404688
0.975,X6,1.1369259540171304
0.98,X6,1.3267945166532342
0.985,X6,1.5751416268161553
0.99,X6,1.4659434111131053
0.995,X6,1.6885442523426233
1,X6,1.7166689402185196
